date,petro,petro_brent,petro_dubai,petro_texas,cambio,ipca
1990M1,20.425217391,20.989130,17.501739,22.784783,"0,000005",0.0054000000000000003
1990M2,19.388333333,19.702500,16.681500,21.781000,"0,000009",0.0094999999999999998
1990M3,18.103787879,18.465909,15.755909,20.089545,"0,000013",0.017299999999999999
1990M4,16.368095238,16.926190,14.250476,17.927619,"0,000017",0.02
1990M5,16.349855072,16.671739,14.647826,17.730000,"0,000019",0.021600000000000001
1990M6,15.097301587,15.552381,13.277143,16.462381,"0,000021",0.0241
1990M7,17.054545455,17.465909,15.307727,18.390000,"0,000024",0.027199999999999998
1990M8,26.535217391,26.947826,25.090870,27.566957,"0,000026",0.030700000000000002
1990M9,33.016666667,34.657500,30.352500,34.040000,"0,000027",0.035099999999999999
1990M10,34.555217391,36.265217,31.407826,35.992609,"0,000034",0.0402
1990M11,31.192575758,32.963636,28.076818,32.537273,"0,000045",0.046899999999999997
1990M12,26.227619048,27.871429,23.264286,27.547143,"0,000056",0.055599999999999997
1991M1,23.051594203,23.984783,19.632174,25.537826,"0,000070",0.067100000000000007
1991M2,18.020333333,19.292500,14.518000,20.250500,"0,000080",0.081000000000000003
1991M3,18.102380952,19.561905,15.009048,19.736190,"0,000083",0.090700000000000003
1991M4,18.477575758,19.338636,15.372273,20.721818,"0,000092",0.095200000000000007
1991M5,18.738840580,19.217391,15.944783,21.054348,"0,000099",0.1023
1991M6,17.893833333,18.172500,15.411500,20.097500,"0,000108",0.1137
1991M7,18.955072464,19.450000,16.233043,21.182174,"0,000119",0.1278
1991M8,19.321666667,19.775000,16.613636,21.576364,"0,000135",0.14779999999999999
1991M9,20.103968254,20.540476,17.799048,21.972381,"0,000156",0.1709
1991M10,21.522173913,22.209565,18.883478,23.473478,"0,000212",0.20549999999999999
1991M11,20.698253968,21.107143,18.350000,22.637619,"0,000269",0.25729999999999997
1991M12,17.667575758,18.254545,15.302727,19.445455,"0,000348",0.31830000000000003
1992M1,17.354782609,18.156522,15.219130,18.688696,"0,000435",0.40089999999999998
1992M2,17.570666667,18.110000,15.722500,18.879500,"0,000538",0.49830000000000002
1992M3,17.401515152,17.659091,15.754091,18.791364,"0,000660",0.60499999999999998
1992M4,18.587575758,19.015909,16.637727,20.109091,"0,000799",0.72560000000000002
1992M5,19.468571429,19.980952,17.587143,20.837619,"0,000956",0.90590000000000004
1992M6,20.829696970,21.188636,19.010909,22.289545,"0,001145",1.089
1992M7,20.157101449,20.326087,18.493913,21.651304,"0,001392",1.3268
1992M8,19.615396825,19.792857,17.803810,21.249524,"0,001699",1.6205000000000001
1992M9,20.159393939,20.288636,18.380000,21.809545,"0,002099",2.0196000000000001
1992M10,20.026363636,20.311364,18.136818,21.630909,"0,002624",2.5293999999999999
1992M11,18.859365079,19.196190,17.137143,20.244762,"0,003290",3.0983000000000001
1992M12,17.932898551,18.272609,16.224783,19.301304,"0,004055",3.8803000000000001
1993M1,17.253015873,17.507143,15.320476,18.931429,"0,005112",5.0579000000000001
1993M2,18.162000000,18.445500,16.046000,19.994500,"0,006498",6.3213999999999997
1993M3,18.458115942,18.842609,16.314348,20.217391,"0,008171",8.0446000000000009
1993M4,18.428636364,18.782727,16.388636,20.114545,"0,010447",10.276999999999999
1993M5,18.182222222,18.578095,16.119048,19.849524,"0,013469",13.1227
1993M6,17.415303030,17.634091,15.643182,18.968636,"0,017493",17.0686
1993M7,16.261818182,16.808636,14.208636,17.768182,"0,022826",22.312100000000001
1993M8,16.512575758,16.836818,14.647727,18.053182,"0,030087",29.6662
1993M9,15.905000000,16.139545,14.128182,17.447273,"0,040431",40.254100000000001
1993M10,16.481111111,16.642381,14.751429,18.049524,"0,054989",53.908299999999997
1993M11,15.152424242,15.240000,13.786818,16.430455,"0,074834",73.078000000000003
1993M12,13.400144928,13.559565,12.219565,14.421304,"0,101589",100
1994M1,14.127936508,14.273810,13.081429,15.028571,"0,142121",141.31
1994M2,13.759500000,13.769500,12.752500,14.756500,"0,200286",198.22
1994M3,13.516231884,13.770000,12.076087,14.702609,"0,279312",282.95999999999998
1994M4,15.055714286,15.093810,13.750476,16.322857,"0,403471",403.73000000000002
1994M5,16.346818182,16.420909,14.791364,17.828182,"0,576529",581.49000000000001
1994M6,17.201060606,17.105455,15.688636,18.809091,"0,832607",857.28999999999996
1994M7,17.971904762,18.124762,16.397619,19.393333,"0,924800",915.92999999999995
1994M8,17.053478261,16.912609,15.929130,18.318696,"0,896600",932.97000000000003
1994M9,16.186818182,16.038636,15.247727,17.274091,"0,863200",947.24000000000001
1994M10,16.483333333,16.550952,15.371429,17.527619,"0,844000",972.05999999999995
1994M11,17.133333333,17.414091,15.920909,18.065000,"0,839800",999.37
1994M12,16.212121212,16.041364,15.455000,17.140000,"0,848100",1016.46
1995M1,16.863333333,16.654091,16.011364,17.924545,"0,845100",1033.74
1995M2,17.379166667,17.271000,16.553000,18.313500,"0,838800",1044.28
1995M3,17.276521739,17.236522,16.327826,18.265217,"0,887400",1060.47
1995M4,18.662833333,18.824000,17.379500,19.785000,"0,905500",1086.24
1995M5,18.514492754,18.677826,17.293478,19.572174,"0,895400",1115.24
1995M6,17.354242424,17.353182,16.191364,18.518182,"0,912000",1140.4400000000001
1995M7,16.197619048,16.080952,15.066190,17.445714,"0,926800",1167.3499999999999
1995M8,16.548260870,16.255217,15.408696,17.980870,"0,940000",1178.9100000000001
1995M9,16.748730159,16.691905,15.533333,18.020952,"0,950800",1190.5799999999999
1995M10,16.130757576,16.193636,14.867273,17.331364,"0,958700",1207.3699999999999
1995M11,16.810606061,16.910455,15.735909,17.785455,"0,962400",1225.1199999999999
1995M12,18.072222222,18.236190,17.173333,18.807143,"0,967300",1244.23
1996M1,17.917536232,18.135217,16.715217,18.902174,"0,973500",1260.9000000000001
1996M2,17.650634921,17.846190,16.001905,19.103810,"0,980100",1273.8900000000001
1996M3,19.312380952,19.809524,16.967143,21.160476,"0,985300",1278.3499999999999
1996M4,20.705151515,21.200455,17.656818,23.258182,"0,989400",1294.46
1996M5,19.084347826,19.319130,16.918261,21.015652,"0,994500",1310.25
1996M6,18.718000000,18.577500,17.314000,20.262500,"1,000500",1325.8399999999999
1996M7,19.558695652,19.714783,17.721739,21.239565,"1,006100",1340.5599999999999
1996M8,20.386060606,20.605909,18.604545,21.947727,"1,012600",1346.46
1996M9,22.437460317,23.081429,20.265714,23.965238,"1,018500",1348.48
1996M10,23.609855072,24.273478,21.633478,24.922609,"1,024300",1352.53
1996M11,22.596507937,23.102381,20.946190,23.740952,"1,029600",1356.8599999999999
1996M12,23.612121212,24.036364,21.565909,25.234091,"1,036500",1363.24
1997M1,23.316086957,23.605652,21.414783,24.927826,"1,042100",1379.3299999999999
1997M2,20.535666667,20.920500,18.887000,21.799500,"1,048500",1386.23
1997M3,19.455714286,19.559524,18.174762,20.632857,"1,055900",1393.3
1997M4,17.975606061,17.775455,16.761364,19.390000,"1,060100",1405.5599999999999
1997M5,19.410151515,19.245455,18.483182,20.501818,"1,067500",1411.3199999999999
1997M6,17.998571429,17.803810,17.268571,18.923333,"1,073800",1418.9400000000001
1997M7,18.405797101,18.556522,17.283043,19.377826,"1,079900",1422.0599999999999
1997M8,18.721269841,18.815714,17.688095,19.660000,"1,087100",1421.78
1997M9,18.716212121,18.581818,17.961818,19.605000,"1,092800",1422.6300000000001
1997M10,20.156956522,20.132609,19.063043,21.275217,"1,099300",1425.9000000000001
1997M11,19.213000000,19.309000,18.510000,19.820000,"1,106500",1428.3199999999999
1997M12,17.319420290,17.417826,16.350870,18.189565,"1,112800",1434.46
1998M1,15.256969697,15.510455,13.703182,16.557273,"1,119100",1444.6400000000001
1998M2,14.200333333,14.366000,12.436500,15.798500,"1,132900",1451.29
1998M3,13.244848485,13.460000,11.512727,14.761818,"1,132900",1456.22
1998M4,13.716060606,13.809091,12.227727,15.111364,"1,140400",1459.71
1998M5,14.005555556,14.508571,12.756667,14.751429,"1,147300",1467.01
1998M6,12.815909091,13.059545,11.911818,13.476364,"1,153800",1467.3
1998M7,12.848840580,12.523478,12.042174,13.980870,"1,160700",1465.54
1998M8,12.544761905,12.152857,12.206190,13.275238,"1,170900",1458.0699999999999
1998M9,13.850454545,13.626364,13.081364,14.843636,"1,180100",1454.8599999999999
1998M10,13.296212121,12.896364,12.814091,14.178182,"1,187600",1455.1500000000001
1998M11,11.890634921,11.441905,11.760000,12.470000,"1,192900",1453.4000000000001
1998M12,10.443623188,10.160000,10.105217,11.065652,"1,204600",1458.2
1999M1,11.409047619,11.186667,10.762857,12.277619,"1,501100",1468.4100000000001
1999M2,10.732166667,10.429500,10.080500,11.686500,"1,912900",1483.8299999999999
1999M3,13.219420290,12.885217,12.363478,14.409565,"1,896000",1500.1500000000001
1999M4,15.811818182,15.500909,14.885909,17.048636,"1,693300",1508.55
1999M5,16.145555556,15.670000,15.310952,17.455714,"1,682700",1513.0799999999999
1999M6,16.480000000,16.131818,15.576364,17.731818,"1,764600",1515.95
1999M7,18.927272727,19.032273,17.828182,19.921364,"1,799500",1532.47
1999M8,20.352424242,20.597727,19.381364,21.078182,"1,880000",1541.05
1999M9,22.891969697,23.149545,22.040909,23.485455,"1,897300",1545.8299999999999
1999M10,22.030952381,22.178571,21.369524,22.544762,"1,968700",1564.23
1999M11,24.378787879,24.837273,23.104545,25.194545,"1,929100",1579.0899999999999
1999M12,25.150724638,25.699130,23.586957,26.166087,"1,842000",1588.5599999999999
2000M1,25.357777778,25.633333,23.359524,27.080476,"1,802900",1598.4100000000001
2000M2,27.252222222,28.030476,24.720000,29.006190,"1,774500",1600.49
2000M3,27.350579710,27.494348,25.096957,29.460435,"1,741200",1604.01
2000M4,23.639333333,23.153500,22.348500,25.416000,"1,767400",1610.75
2000M5,27.317246377,27.805217,25.633913,28.512609,"1,827100",1610.9100000000001
2000M6,29.773939394,30.483182,27.152273,31.686364,"1,807500",1614.6199999999999
2000M7,28.288253968,28.894286,26.137619,29.832857,"1,797000",1640.6199999999999
2000M8,29.984057971,31.629130,27.171304,31.151739,"1,808400",1662.1099999999999
2000M9,32.348730159,33.360476,30.095238,33.590476,"1,838400",1665.9300000000001
2000M10,31.570909091,31.302727,30.570909,32.839091,"1,878800",1668.26
2000M11,32.530757576,32.880909,30.383636,34.327727,"1,947200",1673.5999999999999
2000M12,25.232539683,25.475714,22.091905,28.130000,"1,962500",1683.47
2001M1,25.868985507,25.790000,22.604348,29.212609,"1,953700",1693.0699999999999
2001M2,27.319500000,27.896500,24.814000,29.248000,"2,001100",1700.8599999999999
2001M3,25.170909091,25.034545,23.576818,26.901364,"2,088200",1707.3199999999999
2001M4,25.836825397,26.018095,24.247143,27.245238,"2,191700",1717.22
2001M5,27.429275362,28.438261,25.422174,28.427391,"2,296400",1724.26
2001M6,27.069365079,28.003810,25.722381,27.481905,"2,375000",1733.23
2001M7,24.853787879,24.991364,23.403636,26.166364,"2,465200",1756.28
2001M8,25.773913043,25.736087,24.562609,27.023043,"2,509800",1768.5699999999999
2001M9,25.389666667,25.837000,24.238500,26.093500,"2,670900",1773.52
2001M10,20.942753623,21.032609,19.926957,21.868696,"2,739400",1788.24
2001M11,18.624242424,19.105455,17.496818,19.270455,"2,542300",1800.9400000000001
2001M12,18.550634921,18.681429,17.844762,19.125714,"2,361900",1812.6500000000001
2002M1,19.257536232,20.033043,18.351304,19.388261,"2,377100",1822.0799999999999
2002M2,20.094666667,20.545000,19.154000,20.585000,"2,418800",1828.6400000000001
2002M3,23.785238095,24.000952,22.970952,24.383810,"2,345800",1839.6099999999999
2002M4,25.407575758,25.945455,24.320455,25.956818,"2,319600",1854.3299999999999
2002M5,25.622753623,25.549565,24.605652,26.713043,"2,479600",1858.22
2002M6,24.518000000,24.368000,23.831000,25.355000,"2,713200",1866.02
2002M7,25.701014493,25.857826,24.493478,26.751739,"2,933800",1888.23
2002M8,26.648333333,26.620000,25.220909,28.104091,"3,109300",1900.5
2002M9,28.268412698,28.370952,26.968571,29.465714,"3,341200",1914.1800000000001
2002M10,27.397971014,27.522609,25.968261,28.703043,"3,805100",1939.26
2002M11,24.570158730,24.250476,23.376190,26.083810,"3,575600",1997.8299999999999
2002M12,27.937424242,28.317273,26.023182,29.471818,"3,625100",2039.78
2003M1,30.486231884,30.808696,27.881304,32.768696,"3,437600",2085.6799999999998
2003M2,32.856666667,32.662500,30.200500,35.707000,"3,590000",2118.4299999999998
2003M3,30.375873016,30.168095,27.521429,33.438095,"3,446100",2144.4899999999998
2003M4,25.548636364,25.035000,23.558182,28.052727,"3,117900",2165.29
2003M5,25.970909091,25.714545,24.317273,27.880909,"2,954900",2178.5
2003M6,27.847142857,27.566667,25.669048,30.305714,"2,882400",2175.23
2003M7,28.549710145,28.503913,26.733913,30.411304,"2,879000",2179.5799999999999
2003M8,29.601428571,29.718095,27.872381,31.213810,"3,001700",2186.9899999999998
2003M9,26.850151515,27.044091,25.302727,28.203636,"2,922000",2204.0500000000002
2003M10,28.967681159,29.435652,27.294348,30.173043,"2,860700",2210.4400000000001
2003M11,29.024000000,28.948500,27.404500,30.719000,"2,913000",2217.96
2003M12,29.860579710,29.743478,27.976522,31.861739,"2,924500",2229.4899999999998
2004M1,31.306818182,30.981818,29.061818,33.876818,"2,851000",2246.4299999999998
2004M2,31.200666667,30.795000,28.834000,33.973000,"2,929500",2260.1300000000001
2004M3,33.506956522,33.424348,30.556522,36.540000,"2,904700",2270.75
2004M4,33.843181818,33.357727,31.634091,36.537727,"2,905200",2279.1500000000001
2004M5,37.468412698,37.589048,34.750952,40.065238,"3,099600",2290.77
2004M6,35.643484848,35.437727,33.568636,37.924091,"3,128300",2307.0300000000002
2004M7,37.938484848,38.226818,35.044091,40.544545,"3,036000",2328.02
2004M8,41.840303030,42.224091,38.613182,44.683636,"3,002100",2344.0799999999999
2004M9,41.658636364,43.315909,35.981818,45.678182,"2,890300",2351.8200000000002
2004M10,46.978412698,49.736190,38.214762,52.984286,"2,852100",2362.1700000000001
2004M11,42.201515152,43.748636,34.718636,48.137273,"2,785200",2378.4699999999998
2004M12,38.997971014,39.965652,34.137391,42.890870,"2,717400",2398.9200000000001
2005M1,43.001111111,44.174762,38.320000,46.508571,"2,692200",2412.8299999999999
2005M2,44.411166667,45.721000,39.673000,47.839500,"2,597000",2427.0700000000002
2005M3,51.010289855,53.229130,46.075652,53.726087,"2,703900",2441.8699999999999
2005M4,50.837142857,52.604286,47.096190,52.810952,"2,578400",2463.1100000000001
2005M5,48.143333333,49.285455,45.074091,50.070455,"2,452000",2475.1799999999998
2005M6,54.133787879,54.839091,51.099091,56.463182,"2,412700",2474.6799999999998
2005M7,56.585555556,57.625714,52.978571,59.152381,"2,372700",2480.8699999999999
2005M8,62.060144928,63.950435,56.834783,65.395217,"2,359800",2485.0900000000001
2005M9,62.078333333,63.261364,56.928636,66.045000,"2,293600",2493.79
2005M10,58.163809524,58.908571,53.582857,62.000000,"2,255700",2512.4899999999998
2005M11,55.073636364,55.449545,51.398182,58.373182,"2,210000",2526.3099999999999
2005M12,56.656363636,57.156818,53.240000,59.572273,"2,284700",2535.4000000000001
2006M1,62.331363636,63.311818,58.462727,65.219545,"2,273100",2550.3600000000001
2006M2,59.862833333,60.805500,57.337000,61.446000,"2,161100",2560.8200000000002
2006M3,61.355362319,62.746957,58.445217,62.873913,"2,151200",2571.8299999999999
2006M4,68.123000000,70.340000,64.537500,69.491500,"2,128500",2577.23
2006M5,68.921739130,70.510000,65.301304,70.953913,"2,177300",2579.8099999999999
2006M6,68.445909091,69.232727,65.164545,70.940455,"2,247500",2574.3899999999999
2006M7,72.527301587,74.040952,69.013810,74.527143,"2,188500",2579.2800000000002
2006M8,71.839275362,73.500435,68.748261,73.269130,"2,155100",2580.5700000000002
2006M9,62.122539683,62.527143,59.610476,64.230000,"2,167900",2585.9899999999998
2006M10,57.997575758,58.758182,56.341818,58.892727,"2,147500",2594.52
2006M11,58.350000000,59.222727,56.828636,58.998636,"2,157100",2602.5599999999999
2006M12,61.020317460,62.260476,58.414762,62.385714,"2,149100",2615.0500000000002
2007M1,53.795362319,54.503043,51.838261,55.044783,"2,137700",2626.5599999999999
2007M2,57.691333333,57.969500,55.878500,59.226000,"2,095500",2638.1199999999999
2007M3,60.601212121,62.357273,59.006364,60.440000,"2,087900",2647.8800000000001
2007M4,65.183174603,67.690476,63.870476,63.988571,"2,031200",2654.5
2007M5,65.238985507,67.717826,64.478261,63.520870,"1,980800",2661.9299999999998
2007M6,68.080317460,70.619048,66.205238,67.416667,"1,931100",2669.3800000000001
2007M7,73.445000000,76.133182,70.124545,74.077273,"1,882000",2675.79
2007M8,70.402028986,71.313043,67.339130,72.553913,"1,965200",2688.3699999999999
2007M9,76.700000000,76.772000,73.445000,79.883000,"1,898800",2693.21
2007M10,82.113768116,82.507391,77.940000,85.893913,"1,800200",2701.29
2007M11,91.382575758,92.731364,86.473636,94.942727,"1,769100",2711.5500000000002
2007M12,89.938730159,91.519524,86.258571,92.038095,"1,785200",2731.6199999999999
2008M1,90.810869565,92.091739,87.222609,93.118261,"1,773500",2746.3699999999999
2008M2,93.411111111,94.722381,90.065238,95.445714,"1,726900",2759.8299999999999
2008M3,101.550952381,103.161905,96.373810,105.117143,"1,706800",2773.0799999999999
2008M4,108.845606061,110.033182,103.862727,112.640909,"1,688100",2788.3299999999999
2008M5,122.943787879,123.862273,119.315909,125.653182,"1,659700",2810.3600000000001
2008M6,131.691428571,132.760476,128.215714,134.098095,"1,618100",2831.1599999999999
2008M7,132.582318841,133.585217,130.082609,134.079130,"1,590600",2846.1599999999999
2008M8,114.359841270,113.800476,112.619048,116.660000,"1,611500",2854.1300000000001
2008M9,99.895303030,98.755455,96.276364,104.654091,"1,798800",2861.5500000000002
2008M10,72.078260870,71.963478,67.536087,76.735217,"2,172100",2874.4299999999998
2008M11,52.876500000,52.713500,49.896000,56.020000,"2,265500",2884.7800000000002
2008M12,40.437391304,40.511739,39.419565,41.380870,"2,393600",2892.8600000000001
2009M1,42.721666667,43.174545,43.746818,41.243636,"2,306600",2906.7399999999998
2009M2,41.345000000,42.910500,42.130000,38.994500,"2,311900",2922.73
2009M3,46.317424242,46.582727,44.739545,47.630000,"2,313000",2928.5700000000002
2009M4,49.645151515,50.519091,48.845909,49.570455,"2,205100",2942.6300000000001
2009M5,57.862063492,57.501429,57.332857,58.751905,"2,060100",2956.46
2009M6,68.557575758,68.580000,67.853636,69.239091,"1,956800",2967.0999999999999
2009M7,64.777971014,64.904348,65.522174,63.907391,"1,932000",2974.2199999999998
2009M8,71.824126984,72.591905,71.755714,71.124762,"1,844400",2978.6799999999998
2009M9,67.992121212,67.513182,67.546818,68.916364,"1,819000",2985.8299999999999
2009M10,73.810606061,72.968636,73.223182,75.240000,"1,737600",2994.1900000000001
2009M11,77.179365079,76.936667,77.105714,77.495714,"1,725200",3006.4699999999998
2009M12,74.817536232,74.789565,74.660870,75.002174,"1,749500",3017.5900000000001
2010M1,77.056825397,76.602381,76.267619,78.300476,"1,779000",3040.2199999999998
2010M2,74.568166667,73.903000,73.727000,76.074500,"1,839400",3063.9299999999998
2010M3,79.526811594,79.519130,78.156957,80.904348,"1,785000",3079.8600000000001
2010M4,84.183181818,85.156364,83.284091,84.109091,"1,755800",3097.4200000000001
2010M5,75.289523810,76.132381,76.134762,73.601429,"1,812400",3110.7399999999998
2010M6,74.803787879,75.246364,74.239545,74.925455,"1,805400",3110.7399999999998
2010M7,74.709393939,75.195000,73.090909,75.842273,"1,768800",3111.0500000000002
2010M8,75.906060606,76.891818,74.535455,76.290909,"1,758800",3112.29
2010M9,76.224545455,77.938182,75.807273,74.928182,"1,717900",3126.29
2010M10,81.773492063,83.338571,80.441905,81.540000,"1,685200",3149.7399999999998
2010M11,84.298181818,85.800909,83.455000,83.638636,"1,712530",3175.8800000000001
2010M12,89.976811594,91.960000,89.231739,88.738696,"1,692655",3195.8899999999999
2011M1,92.789682540,96.952381,92.701905,88.714762,"1,674114",3222.4200000000001
2011M2,97.229333333,104.238500,99.661000,87.788500,"1,667200",3248.1999999999998
2011M3,108.455652174,114.917391,108.037391,102.412174,"1,658300",3273.8600000000001
2011M4,116.142222222,123.325714,115.819524,109.281429,"1,585600",3299.0700000000002
2011M5,107.881515152,114.929545,108.227273,100.487727,"1,612700",3314.5799999999999
2011M6,105.884545455,114.370455,107.431364,95.851818,"1,586200",3319.5500000000002
2011M7,108.386507937,117.483333,110.947143,96.729048,"1,563100",3324.8600000000001
2011M8,100.358260870,110.354783,104.906957,85.813043,"1,596200",3337.1599999999999
2011M9,100.530909091,111.962727,104.702727,84.927273,"1,749000",3354.8499999999999
2011M10,99.949841270,110.429524,103.620476,85.799524,"1,771900",3369.2800000000002
2011M11,104.793181818,111.158636,106.796818,96.424091,"1,789725",3386.8000000000002
2011M12,103.552121212,108.347727,104.390909,97.917727,"1,836200",3403.73
2012M1,106.300303030,111.415000,108.604545,98.881364,"1,789014",3422.79
2012M2,111.745396825,119.165714,116.676190,99.394286,"1,717758",3438.1900000000001
2012M3,116.399696970,124.703182,122.598636,101.897273,"1,794700",3445.4099999999999
2012M4,111.648571429,120.470000,117.497143,96.978571,"1,854200",3467.46
2012M5,102.737101449,110.822174,107.650870,89.738261,"1,985386",3479.9400000000001
2012M6,89.905238095,95.889048,94.438095,79.388571,"2,048570",3482.7199999999998
2012M7,96.556363636,102.979545,99.964545,86.725000,"2,028150",3497.6999999999998
2012M8,105.274347826,113.780435,108.954783,93.087826,"2,028865",3512.04
2012M9,105.906000000,113.641500,110.853500,93.223000,"2,027500",3532.0599999999999
2012M10,102.333043478,111.792609,108.426957,86.779565,"2,029282",3552.9000000000001
2012M11,98.365000000,109.911818,107.105455,78.077727,"2,067195",3574.2199999999998
2012M12,97.210793651,109.569048,106.397619,75.665714,"2,077240",3602.46
2013M1,102.087391304,112.527826,108.186522,85.547826,"2,030477",3633.4400000000001
2013M2,107.249833333,116.488000,111.121500,94.140000,"1,972678",3655.2399999999998
2013M3,102.697301587,109.585714,105.704286,92.801905,"1,982270",3672.4200000000001
2013M4,98.766212121,102.960000,101.495000,91.843636,"2,001632",3692.6199999999999
2013M5,99.366086957,102.980435,100.521739,94.596087,"2,034267",3706.2800000000002
2013M6,99.772166667,103.358500,100.385500,95.572500,"2,172375",3715.9200000000001
2013M7,105.256086957,107.779565,103.828696,104.160000,"2,251561",3717.0300000000002
2013M8,108.161212121,111.058182,107.071364,106.354091,"2,341595",3725.9499999999998
2013M9,108.673650794,111.962857,108.073810,105.984286,"2,269900",3738.9899999999998
2013M10,104.550289855,109.618696,106.866087,97.166087,"2,188057",3760.3000000000002
2013M11,101.411428571,108.150476,106.060000,90.023810,"2,294710",3780.6100000000001
2013M12,104.943181818,111.070455,107.932273,95.826818,"2,344862",3815.3899999999999
2014M1,101.251884058,107.926957,103.767826,92.060870,"2,381605",3836.3699999999999
2014M2,102.982333333,108.838000,105.258500,94.850500,"2,383090",3862.8400000000001
2014M3,101.231269841,107.868095,104.344286,91.481429,"2,325495",3898.3800000000001
2014M4,102.106515152,108.003636,104.820909,93.495000,"2,231725",3924.5
2014M5,103.295454545,109.832273,105.534091,94.520000,"2,220281",3942.5500000000002
2014M6,106.332857143,112.240952,108.168095,98.589524,"2,234860",3958.3200000000002
2014M7,101.843478261,107.462609,105.957826,92.110000,"2,224022",3958.7199999999998
2014M8,96.093333333,102.401905,101.608095,84.270000,"2,267424",3968.6199999999999
2014M9,92.989848485,97.852727,96.380000,84.736818,"2,332255",3991.2399999999998
2014M10,84.067246377,87.584783,86.377826,78.239130,"2,447643",4008
2014M11,76.558500000,79.229500,76.119500,74.326500,"2,548230",4028.4400000000001
2014M12,59.903333333,62.903913,59.825652,56.980435,"2,638736",4059.8600000000001
2015M1,46.830303030,48.933182,46.492273,45.065455,"2,633619",4110.1999999999998
2015M2,54.608166667,58.254000,55.920000,49.650500,"2,815839",4160.3400000000001
2015M3,52.753484848,56.524545,54.316818,47.419091,"3,138864",4215.2600000000002
2015M4,57.290303030,59.826364,58.433636,53.610909,"3,042595",4245.1899999999996
2015M5,62.362222222,65.193810,63.178095,58.714762,"3,061075",4276.6000000000004
2015M6,61.378181818,62.620000,61.797273,59.717273,"3,111124",4310.3900000000003
2015M7,54.902463768,56.829565,55.987391,51.890435,"3,222509",4337.1099999999997
2015M8,46.730952381,47.533810,47.980952,44.678095,"3,513695",4346.6499999999996
2015M9,46.700606061,48.030455,45.191364,46.880000,"3,905810",4370.1199999999999
2015M10,46.869393939,48.906364,45.859545,45.842273,"3,879505",4405.9499999999998
2015M11,42.795396825,45.095238,41.597143,41.693810,"3,775800",4450.4499999999998
2015M12,36.629710145,38.525217,34.138261,37.225652,"3,870495",4493.1700000000001
2016M1,30.537777778,32.045238,27.458095,32.110000,"4,051715",4550.2299999999996
2016M2,31.303174603,33.762381,29.672857,30.474286,"3,973116",4591.1800000000003
2016M3,37.578695652,39.792174,35.450000,37.493913,"3,703309",4610.9200000000001
2016M4,41.044285714,43.330476,39.323810,40.478571,"3,565240",4639.0500000000002
2016M5,46.230757576,47.735000,44.350000,46.607273,"3,538686",4675.2299999999996
2016M6,48.145000000,49.877273,46.315909,48.241818,"3,423877",4691.5900000000001
2016M7,44.545714286,46.598571,42.444762,44.593810,"3,274711",4715.9899999999998
2016M8,45.206811594,47.052174,43.969130,44.599130,"3,209057",4736.7399999999998
2016M9,45.234696970,47.376818,43.676364,44.650909,"3,255771",4740.5299999999997
2016M10,49.945079365,51.413810,48.802381,49.619048,"3,185200",4752.8599999999997
2016M11,45.597878788,46.942273,44.039545,45.811818,"3,341400",4761.4200000000001
2016M12,53.305303030,55.022727,52.136818,52.756364,"3,351668",4775.6999999999998
2017M1,54.227424242,55.710909,53.569091,53.402273,"3,195986",4793.8500000000004
2017M2,54.673500000,56.096000,54.295000,53.629500,"3,103589",4809.6700000000001
2017M3,50.724057971,52.655217,51.021304,48.495652,"3,127330",4821.6899999999996
2017M4,52.177833333,53.978000,52.554500,50.001000,"3,135572",4828.4399999999996
2017M5,49.818115942,51.374348,50.134348,47.945652,"3,208705",4843.4099999999999
2017M6,46.119090909,47.652727,46.356364,44.348182,"3,294767",4832.2700000000004
2017M7,47.510476190,49.253333,47.792381,45.485714,"3,205538",4843.8699999999999
2017M8,49.915362319,51.927826,50.269565,47.548696,"3,150313",4853.0699999999997
2017M9,52.768730159,55.557619,53.922857,48.825714,"3,134190",4860.8299999999999
2017M10,54.967272727,57.536364,55.774545,51.590909,"3,190638",4881.25
2017M11,60.163939394,62.836364,60.586818,57.068636,"3,258735",4894.9200000000001
2017M12,61.267936508,64.064286,61.384286,58.355238,"3,291310",4916.46
2018M1,66.478840580,68.889130,66.024783,64.522609,"3,209986",4930.7200000000003
2018M2,63.404000000,65.696500,62.631000,61.884500,"3,240906",4946.5
2018M3,63.976515152,66.891818,63.917273,61.120455,"3,278614",4950.9499999999998
2018M4,67.318571429,71.932857,68.667143,61.355714,"3,406900",4961.8400000000001
2018M5,70.315362319,76.934348,74.077826,59.933913,"3,635462",4981.6899999999996
2018M6,69.510000000,75.802857,73.311429,59.415714,"3,772571",5044.46
2018M7,68.339242424,75.229091,72.769545,57.019091,"3,828136",5061.1099999999997
2018M8,66.094202899,73.851304,72.594783,51.836522,"3,929157",5056.5600000000004
2018M9,71.137000000,79.163000,76.925000,57.323000,"4,115947",5080.8299999999999
2018M10,74.761594203,80.783478,78.762609,64.738696,"3,757805",5103.6899999999996
2018M11,60.654242424,66.228636,64.685909,51.048182,"3,786015",5092.9700000000003
2018M12,51.814603175,57.948095,55.669048,41.826667,"3,882136",5100.6099999999997
2019M1,55.681304348,59.944783,59.159130,47.940000,"3,741055",5116.9300000000003
2019M2,61.339333333,64.384000,64.548000,55.086000,"3,723025",5138.9300000000003
2019M3,63.913968254,66.941905,66.952381,57.847619,"3,845884",5177.4700000000003
2019M4,67.527424242,71.475909,70.939545,60.166818,"3,895557",5206.9799999999996
2019M5,65.783913043,70.389130,68.667391,58.295217,"4,000918",5213.75
2019M6,59.416000000,63.208500,60.915000,54.124500,"3,858226",5214.2700000000004
2019M7,61.162898551,64.322174,62.860870,56.305652,"3,778713",5224.1800000000003
2019M8,57.645000000,59.618182,58.504091,54.812727,"4,019382",5229.9300000000003
2019M9,60.150476190,62.430952,60.856190,57.164286,"4,120900",5227.8400000000001
2019M10,57.738840580,59.631304,58.863478,54.721739,"4,086387",5233.0699999999997
2019M11,60.673809524,62.686667,61.220000,58.114762,"4,154725",5259.7600000000002
2019M12,63.533030303,65.348182,64.453182,60.797727,"4,108924",5320.25
2020M1,61.838405797,63.898696,63.125217,58.491304,"4,148864",5331.4200000000001
2020M2,53.746333333,55.691000,54.048500,51.499500,"4,340411",5344.75
2020M3,31.776060606,33.947273,33.509091,27.871818,"4,883218",5348.4899999999998
2020M4,22.961212121,26.848636,26.192727,15.842273,"5,324985",5331.9099999999999
2020M5,31.750793651,32.422381,32.602857,30.227143,"5,642850",5311.6499999999996
2020M6,39.750909091,40.860455,40.068636,38.323636,"5,195995",5325.46
2020M7,42.259130435,43.295652,42.533913,40.947826,"5,279596",5344.6300000000001
2020M8,43.803492063,45.081429,43.917143,42.411905,"5,460633",5357.46
2020M9,41.031212121,41.926818,41.373182,39.793636,"5,398881",5391.75
2020M10,40.626969697,41.606818,40.814545,39.459545,"5,625190",5438.1199999999999
2020M11,43.079682540,44.050000,43.473810,41.715238,"5,417235",5486.5200000000004
2020M12,49.329275362,50.376957,49.626957,47.983913,"5,144945",5560.5900000000001
2021M1,54.266825397,55.224762,54.646667,52.929048,"5,355600",5574.4899999999998
2021M2,61.227333333,62.362500,61.250500,60.069000,"5,415894",5622.4300000000003
2021M3,64.337536232,65.796087,64.287826,62.928696,"5,645548",5674.7200000000003
2021M4,63.623787879,65.531818,63.128636,62.210909,"5,561535",5692.3100000000004
2021M5,66.726666667,68.375238,66.350000,65.454762,"5,290448",5739.5600000000004
2021M6,72.099696970,73.512727,71.303636,71.482727,"5,031305",5769.9799999999996
2021M7,73.005909091,74.403182,72.136818,72.477727,"5,156027",5825.3699999999999
2021M8,69.080151515,70.588182,68.731364,67.920909,"5,251123",5876.0500000000002
2021M9,73.188030303,74.749545,72.758182,72.056364,"5,279090",5944.21
2021M10,82.360793651,83.865238,81.437143,81.780000,"5,539375",6018.5100000000002
2021M11,79.665151515,80.890455,78.657727,79.447273,"5,556260",6075.6899999999996
2021M12,73.401449275,74.678261,72.847826,72.678261,"5,650604",6120.04
2022M1,84.509523810,85.622381,83.450952,84.455238,"5,533505",6153.0900000000001
2022M2,92.845666667,94.267000,91.525000,92.745000,"5,195979",6215.2399999999998
2022M3,109.960144928,112.440000,107.587826,109.852609,"4,967782",6315.9300000000003
2022M4,103.897460317,106.155714,102.755238,102.781429,"4,757416",6382.8800000000001
2022M5,110.208484848,112.113636,107.861364,110.650455,"4,954450",6412.8800000000001
2022M6,115.067121212,117.692727,111.859545,115.649091,"5,048610",6455.8500000000004
2022M7,103.102063492,105.252857,100.318571,103.734762,"5,367476",6411.9499999999998
